countryCode,countryName,indicatorCode,indicatorName,data,error
DZA,Algeria,NY.GDP.MKTP.CD,GDP (current US$),"{'1960': 2723615449.12903, '1961': 2434747053.99859, '1962': 2001444542.3228, '1963': 2702982015.48253, '1964': 2909316432.96736, '1965': 3136284304.35366, '1966': 3039859185.0275, '1967': 3370870373.60872, '1968': 3852147023.70112, '1969': 4257253260.6934, '1970': 4863526892.69565, '1971': 5077182745.7479, '1972': 6766744027.55197, '1973': 8707858006.19387, '1974': 13209871629.0641, '1975': 15557901444.8724, '1976': 17728240936.5735, '1977': 20972112004.1893, '1978': 26364491320.0949, '1979': 33243709744.0899, '1980': 42345829090.2411, '1981': 44348587045.922, '1982': 45207170761.6458, '1983': 48801369810.5583, '1984': 53698548297.5643, '1985': 57937868670.1937, '1986': 63692012412.3215, '1987': 66745822963.0787, '1988': 59089400190.4837, '1989': 55634719135.3597, '1990': 62048505222.3414, '1991': 45715676428.2766, '1992': 48003133346.9957, '1993': 49945585165.7899, '1994': 42543177031.1723, '1995': 41764291963.8532, '1996': 46941553939.5593, '1997': 48177612042.1507, '1998': 48187781711.0308, '1999': 48640671734.9711, '2000': 54790398813.0005, '2001': 54744698044.2331, '2002': 56760355865.0082, '2003': 67863850333.9526, '2004': 85332581188.6107, '2005': 103198211973.242, '2006': 117027280692.356, '2007': 134977082623.78, '2008': 171000699876.747, '2009': 137211004291.274, '2010': 161207306304.794, '2011': 200013097903.17, '2012': 209059081828.261, '2013': 209755003250.664, '2014': 213809980720.787, '2015': 165979224316.667, '2016': 160034212613.438, '2017': 170096989042.831, '2018': 174910891124.491, '2019': 171760290068.157, '2020': 145743722826.258, '2021': 163472233245.77, '2022': 191912889420.911}",
AGO,Angola,NY.GDP.MKTP.CD,GDP (current US$),"{'1960': None, '1961': None, '1962': None, '1963': None, '1964': None, '1965': None, '1966': None, '1967': None, '1968': None, '1969': None, '1970': None, '1971': None, '1972': None, '1973': None, '1974': None, '1975': None, '1976': None, '1977': None, '1978': None, '1979': None, '1980': 5930503400.96263, '1981': 5550483035.96497, '1982': 5550483035.96497, '1983': 5784341596.36339, '1984': 6131475065.17815, '1985': 7554065410.121, '1986': 7072536108.69711, '1987': 8084412414.26566, '1988': 8769836768.83482, '1989': 10201780976.6696, '1990': 11229515599.3048, '1991': 12704558516.5916, '1992': 15114352005.3033, '1993': 11051939101.56, '1994': 3390500000, '1995': 5561222222.22222, '1996': 7526963963.96396, '1997': 7648377412.83277, '1998': 6506229607.29432, '1999': 6152922942.98032, '2000': 9129594818.60749, '2001': 8936079252.77131, '2002': 15285592487.4237, '2003': 17812704626.2324, '2004': 23552057820.4599, '2005': 36970901025.2032, '2006': 52381025105.2177, '2007': 65266415706.9741, '2008': 88538664888.1983, '2009': 70307196477.0815, '2010': 81699526880.8079, '2011': 109436566876.419, '2012': 124998210652.243, '2013': 133401582620.494, '2014': 137244439121.374, '2015': 87219300384.5072, '2016': 49840491178.1518, '2017': 68972769395.6274, '2018': 77792944471.9494, '2019': 69309110145.7687, '2020': 50241368243.6314, '2021': 65685435100.4986, '2022': 106713618735.434}",
BEN,Benin,NY.GDP.MKTP.CD,GDP (current US$),"{'1960': 226195578.067006, '1961': 235668220.872225, '1962': 236434954.341059, '1963': 253927697.573028, '1964': 269819005.7911, '1965': 289908680.180676, '1966': 302925235.697428, '1967': 306221953.364724, '1968': 326323105.58513, '1969': 330748244.092696, '1970': 333627713.462036, '1971': 335073027.92408, '1972': 410331856.237969, '1973': 504376074.065261, '1974': 554654861.53714, '1975': 676870139.263848, '1976': 698408261.141673, '1977': 750049780.163916, '1978': 928843468.468714, '1979': 1186231018.35731, '1980': 1405251843.78221, '1981': 1291120190.56764, '1982': 1267778671.52033, '1983': 1095348199.36832, '1984': 1051134009.29975, '1985': 1045712789.8201, '1986': 1336102026.99646, '1987': 1562412225.8134, '1988': 1620246084.77733, '1989': 1502294413.87362, '1990': 1959965330.47596, '1991': 1986437797.87672, '1992': 1695315305.70308, '1993': 2274558078.74486, '1994': 1598075944.85876, '1995': 2169627138.34967, '1996': 2361116448.13525, '1997': 2268301645.09367, '1998': 2455092688.14767, '1999': 3677393996.83788, '2000': 3519991440.32367, '2001': 3666222633.8361, '2002': 4194342689.26284, '2003': 5349258092.89147, '2004': 6190270377.07583, '2005': 6567654958.75337, '2006': 7034111316.29951, '2007': 8169048374.70846, '2008': 9787734516.74186, '2009': 9738626509.93368, '2010': 9535345011.48728, '2011': 10693321370.0352, '2012': 11141358105.9864, '2013': 12517845127.6766, '2014': 13284527850.2627, '2015': 11388160997.1088, '2016': 11821065852.127, '2017': 12701655845.9622, '2018': 14262408079.7005, '2019': 14391686309.0337, '2020': 15651545208.8771, '2021': 17690083519.9322, '2022': 17401746309.266}",
BWA,Botswana,NY.GDP.MKTP.CD,GDP (current US$),"{'1960': 30411418.6788295, '1961': 32902592.8362861, '1962': 35644931.942153, '1963': 38091832.9893847, '1964': 41616368.3159934, '1965': 45788670.6930146, '1966': 51465624.4090769, '1967': 58642385.2376744, '1968': 66248426.9941409, '1969': 77361532.9935123, '1970': 96243298.1393833, '1971': 127448656.125605, '1972': 164460827.506605, '1973': 244124115.653176, '1974': 306044205.922122, '1975': 355168715.375176, '1976': 372025093.434102, '1977': 451624959.61005, '1978': 590407375.160033, '1979': 819870595.111537, '1980': 1060889705.11871, '1981': 1073812403.80662, '1982': 1014945860.82549, '1983': 1172230575.57996, '1984': 1240821849.27576, '1985': 1114783538.17406, '1986': 1392602040.14794, '1987': 1965227085.13155, '1988': 2644554881.84186, '1989': 3083822367.10683, '1990': 3790636664.02546, '1991': 3942877353.59054, '1992': 4146464586.61674, '1993': 4160129174.70569, '1994': 4259258810.89328, '1995': 4730599690.73974, '1996': 4847757703.86629, '1997': 5020265168.28901, '1998': 4790481509.17679, '1999': 5484263050.39562, '2000': 5788329609.15755, '2001': 5489608299.66445, '2002': 5438864269.39361, '2003': 7511582173.37724, '2004': 8957467706.5354, '2005': 9918907108.09702, '2006': 9919158482.41085, '2007': 10567270655.5027, '2008': 10730828592.459, '2009': 10118459713.7024, '2010': 12637273429.1339, '2011': 15110642875.5965, '2012': 13907464500.1489, '2013': 14271738366.7917, '2014': 15470087926.2484, '2015': 13530749289.7861, '2016': 15082636722.856, '2017': 16105156375.5848, '2018': 17031943186.1353, '2019': 16725908661.9419, '2020': 14960291540.5283, '2021': 18737066306.9659, '2022': 20352322157.1467}",
BFA,Burkina Faso,NY.GDP.MKTP.CD,GDP (current US$),"{'1960': 330442815.284328, '1961': 350247234.801719, '1962': 379567099.735017, '1963': 394040667.595114, '1964': 410321644.832548, '1965': 422916789.389845, '1966': 433889767.020676, '1967': 450753923.930489, '1968': 460442689.828422, '1969': 478298644.747585, '1970': 458404268.71745, '1971': 482411179.672461, '1972': 578595520.928003, '1973': 674773569.716408, '1974': 751133431.579496, '1975': 939972701.96644, '1976': 976547186.963356, '1977': 1131224880.18434, '1978': 1475583643.40628, '1979': 1748480618.36735, '1980': 1928719884.42114, '1981': 1775842336.50916, '1982': 1754450097.84433, '1983': 1600278605.15123, '1984': 1459880132.84934, '1985': 1552493197.28083, '1986': 2036303360.30075, '1987': 2369834946.56655, '1988': 2616040480.57952, '1989': 2615587729.97265, '1990': 3101300779.08364, '1991': 3135045586.20845, '1992': 3356692508.3457, '1993': 3199536459.58343, '1994': 1895290638.27038, '1995': 2379517975.75103, '1996': 2586550594.03222, '1997': 2447669100.46978, '1998': 2804902369.20398, '1999': 3389566710.90266, '2000': 2968370087.46649, '2001': 3190371079.81411, '2002': 3622350065.5903, '2003': 4740768141.265, '2004': 5451688534.59524, '2005': 6146353177.43367, '2006': 6547419821.69486, '2007': 7625722829.17892, '2008': 9451435480.94322, '2009': 9450696866.48276, '2010': 10109619736.1442, '2011': 12080295984.7682, '2012': 12561015145.3925, '2013': 13444300489.8634, '2014': 13943016080.2646, '2015': 11832159315.9778, '2016': 12833363043.9719, '2017': 14106955625.3571, '2018': 15890066209.8959, '2019': 16178161666.1334, '2020': 17933606212.6294, '2021': 19737616003.022, '2022': 18884619613.4388}",
BDI,Burundi,NY.GDP.MKTP.CD,GDP (current US$),"{'1960': 195999989.80792, '1961': 202999991.80106, '1962': 213500005.79077, '1963': 232749997.771905, '1964': 260750007.744465, '1965': 158994962.811977, '1966': 165444571.263127, '1967': 178297142.678846, '1968': 183199999.8168, '1969': 190205714.095509, '1970': 242732571.185839, '1971': 252842285.482514, '1972': 246804571.428571, '1973': 304339839.552146, '1974': 345263492.063492, '1975': 420986666.666667, '1976': 448412753.623188, '1977': 547535555.555556, '1978': 610225555.555556, '1979': 782496666.666667, '1980': 919726666.666667, '1981': 969046666.666667, '1982': 1013222222.22222, '1983': 1082926304.46477, '1984': 987143931.166987, '1985': 1149979285.77347, '1986': 1201725497.06578, '1987': 1131466494.01101, '1988': 1082403219.48787, '1989': 1113924130.41149, '1990': 1132101252.51817, '1991': 1167398478.3459, '1992': 1083037670.60484, '1993': 938632612.026359, '1994': 925030590.153683, '1995': 1000428393.88528, '1996': 869033856.317093, '1997': 972896267.915425, '1998': 893770739.54206, '1999': 808077223.365746, '2000': 870486065.883137, '2001': 876794723.068586, '2002': 825394519.71933, '2003': 784654423.620476, '2004': 915257323.3961, '2005': 1117113080.08074, '2006': 1273375078.44844, '2007': 1356199386.79629, '2008': 1611835856.59275, '2009': 1781455140.34202, '2010': 2032135191.46211, '2011': 2235820808.72908, '2012': 2333341334.45753, '2013': 2451606631.76696, '2014': 2705783330.38796, '2015': 3104003545.60675, '2016': 2644487777.23693, '2017': 2723586962.18686, '2018': 2667182198.97925, '2019': 2576518879.39881, '2020': 2649680261.01097, '2021': 2775798697.16485, '2022': 3073414677.84385}",
CPV,Cabo Verde,NY.GDP.MKTP.CD,GDP (current US$),"{'1960': None, '1961': None, '1962': None, '1963': None, '1964': None, '1965': None, '1966': None, '1967': None, '1968': None, '1969': None, '1970': None, '1971': None, '1972': None, '1973': None, '1974': None, '1975': None, '1976': None, '1977': None, '1978': None, '1979': None, '1980': 142246816.528777, '1981': 139468210.073782, '1982': 140630678.181534, '1983': 138476174.97807, '1984': 132019039.110872, '1985': 137728205.315258, '1986': 190651168.352328, '1987': 235253063.627687, '1988': 264308140.285149, '1989': 267448570.271348, '1990': 306890961.188801, '1991': 319827058.592875, '1992': 357160985.327413, '1993': 490417389.682569, '1994': 406580652.330537, '1995': 487148993.533109, '1996': 501979271.869894, '1997': 490608657.924976, '1998': 521910560.524868, '1999': 592416703.058878, '2000': 539227277.626411, '2001': 563090488.854022, '2002': 620507385.702206, '2003': 813260468.873834, '2004': 924940012.85542, '2005': 972241682.104792, '2006': 1107571459.02306, '2007': 1649621735.41343, '2008': 1959620652.50746, '2009': 1852334581.47534, '2010': 1824751459.69304, '2011': 2046817974.90838, '2012': 1913081206.32052, '2013': 2028910915.16446, '2014': 2041930125.42979, '2015': 1749857628.40716, '2016': 1849789992.74328, '2017': 1996741544.61549, '2018': 2205099509.15921, '2019': 2266752197.42617, '2020': 1878277311.2253, '2021': 2091741774.10772, '2022': 2314816792.06291}",
CMR,Cameroon,NY.GDP.MKTP.CD,GDP (current US$),"{'1960': 614206067.499389, '1961': 652777609.328803, '1962': 694247865.267079, '1963': 718320845.935362, '1964': 776650176.653918, '1965': 814083264.821428, '1966': 851112536.085105, '1967': 936175260.825215, '1968': 1046191218.82653, '1969': 1100551487.13992, '1970': 1151216992.76914, '1971': 1236941395.528, '1972': 1498251886.91252, '1973': 1901393360.56876, '1974': 2157415535.79412, '1975': 2857037366.51002, '1976': 2898089998.6172, '1977': 3394664030.04384, '1978': 4662852578.29818, '1979': 5919002975.30133, '1980': 6674569033.58218, '1981': 6610938627.60437, '1982': 6611255969.89189, '1983': 6870200009.45663, '1984': 7311938029.91455, '1985': 8544810503.47403, '1986': 11857056214.3301, '1987': 13049659963.7047, '1988': 12236057369.912, '1989': 11012566178.1825, '1990': 12314482629.9082, '1991': 11840192304.4132, '1992': 12071775346.4187, '1993': 16181814683.9551, '1994': 8902446257.70445, '1995': 10864772473.0524, '1996': 11093538840.5385, '1997': 10789458426.1088, '1998': 11298144998.6965, '1999': 11565826458.8945, '2000': 10566579294.5164, '2001': 10953485345.2216, '2002': 12417251341.6032, '2003': 15970315030.2406, '2004': 18826214125.2325, '2005': 19509852219.3298, '2006': 20910512978.1716, '2007': 23928250410.0588, '2008': 27715142005.5704, '2009': 27932970297.0644, '2010': 27507501809.2414, '2011': 30630910513.0616, '2012': 30155062302.8443, '2013': 33728621190.2114, '2014': 36386544716.0794, '2015': 32210233021.5735, '2016': 33814337040.7804, '2017': 36098547058.7877, '2018': 39973842058.565, '2019': 39670976440.3158, '2020': 40773241211.6941, '2021': 45338285386.1044, '2022': 44341646509.2193}",
CAF,Central African Republic,NY.GDP.MKTP.CD,GDP (current US$),"{'1960': 112155598.309943, '1961': 123134583.653758, '1962': 124482773.992316, '1963': 129379123.923536, '1964': 142025078.689939, '1965': 150574795.28224, '1966': 157930018.375448, '1967': 163820513.701425, '1968': 191767441.792847, '1969': 188039209.876317, '1970': 189106529.188645, '1971': 201450800.056561, '1972': 230317882.941633, '1973': 271183081.978302, '1974': 281398705.994003, '1975': 378660015.663052, '1976': 451152460.808537, '1977': 507298148.421506, '1978': 610578631.359943, '1979': 700764746.892119, '1980': 797048196.970408, '1981': 694803624.048757, '1982': 748312391.442075, '1983': 658679332.638761, '1984': 637820670.609046, '1985': 864849836.841362, '1986': 1122265014.86379, '1987': 1200991976.20364, '1988': 1264899288.27967, '1989': 1233930279.03002, '1990': 1440711459.411, '1991': 1377374987.52052, '1992': 1411917554.45482, '1993': 1278781259.30117, '1994': 851174357.309582, '1995': 1115389673.9125, '1996': 1007791126.56226, '1997': 937741512.447574, '1998': 967338390.360019, '1999': 999477510.686632, '2000': 916777282.651168, '2001': 932648604.420575, '2002': 996068145.608021, '2003': 1142315522.1989, '2004': 1272360516.62022, '2005': 1337894379.62649, '2006': 1461859762.62791, '2007': 1699811293.2576, '2008': 1993407886.56402, '2009': 2067381663.75378, '2010': 2142591539.43526, '2011': 2437982706.57499, '2012': 2510126509.99501, '2013': 1691544110.6915, '2014': 1894813389.88175, '2015': 1695825714.2427, '2016': 1825018144.46187, '2017': 2072349974.15272, '2018': 2220979144.52008, '2019': 2221301350.75537, '2020': 2326720902.35741, '2021': 2516498412.31361, '2022': 2382618615.3562}",
TCD,Chad,NY.GDP.MKTP.CD,GDP (current US$),"{'1960': 313582727.638108, '1961': 333975336.626596, '1962': 357635713.876858, '1963': 371767002.656036, '1964': 392247517.601949, '1965': 416926302.963495, '1966': 432794922.459758, '1967': 449826322.995107, '1968': 453980096.65441, '1969': 471635620.924366, '1970': 469266736.605101, '1971': 501866730.722503, '1972': 585427545.723598, '1973': 647199482.827982, '1974': 652532796.06664, '1975': 864602103.303074, '1976': 866044961.048354, '1977': 935360466.351488, '1978': 1113920122.61233, '1979': 1004316495.11175, '1980': 1033002401.82543, '1981': 876937559.724951, '1982': 834369860.427317, '1983': 832415805.956265, '1984': 919103735.322904, '1985': 1033069709.99506, '1986': 1067828247.23579, '1987': 1163426850.65024, '1988': 1482597298.88729, '1989': 1433686309.83641, '1990': 1738605558.05436, '1991': 1877137983.02923, '1992': 1881847671.47122, '1993': 1463251161.33494, '1994': 1179837963.95379, '1995': 1445919894.86249, '1996': 1607345354.92671, '1997': 1544689575.99186, '1998': 1744794532.49364, '1999': 1534673583.2487, '2000': 1388506771.52623, '2001': 1710843376.39331, '2002': 1997005710.26555, '2003': 2742815070.75867, '2004': 4422855658.38043, '2005': 6649307528.06238, '2006': 7428701455.40565, '2007': 8650137734.71637, '2008': 10393833755.2791, '2009': 9290728312.24383, '2010': 10668103549.3123, '2011': 12172308858.2993, '2012': 12367362746.1307, '2013': 12953534870.304, '2014': 13940767222.1053, '2015': 10950392257.2764, '2016': 10097778097.0969, '2017': 10000394388.1158, '2018': 11239167890.2816, '2019': 11314951088.2451, '2020': 10715396051.4388, '2021': 11779981332.1599, '2022': 12704149842.0373}",
COM,Comoros,NY.GDP.MKTP.CD,GDP (current US$),"{'1960': None, '1961': None, '1962': None, '1963': None, '1964': None, '1965': None, '1966': None, '1967': None, '1968': None, '1969': None, '1970': None, '1971': None, '1972': None, '1973': None, '1974': None, '1975': None, '1976': None, '1977': None, '1978': None, '1979': None, '1980': 212218261.541409, '1981': 196349931.602575, '1982': 184009013.501939, '1983': 191621954.909039, '1984': 184697225.619057, '1985': 196726096.467773, '1986': 279197721.824989, '1987': 337525853.01581, '1988': 356500032.83085, '1989': 341476768.0797, '1990': 429622178.042984, '1991': 424108769.124465, '1992': 457388651.902444, '1993': 452881475.076956, '1994': 319189184.292569, '1995': 398461796.741693, '1996': 396053806.399557, '1997': 364445600.133152, '1998': 370106745.980287, '1999': 382454989.945311, '2000': 351136579.797929, '2001': 378512024.115338, '2002': 425964681.148945, '2003': 546885223.179133, '2004': 633706110.445225, '2005': 653845169.189708, '2006': 698431794.458549, '2007': 795673153.183435, '2008': 915659107.761637, '2009': 905341173.973674, '2010': 907978731.702118, '2011': 1023086272.69622, '2012': 1015843491.24638, '2013': 1116224107.17123, '2014': 1149587659.74505, '2015': 966029599.801322, '2016': 1012835492.51585, '2017': 1077439756.12224, '2018': 1188797449.96036, '2019': 1195019531.03671, '2020': 1225039195.93744, '2021': 1296089479.45824, '2022': 1242519407.27821}",
COG,"Congo, Rep.",NY.GDP.MKTP.CD,GDP (current US$),"{'1960': 131731862.568997, '1961': 151675739.160627, '1962': 166521239.863281, '1963': 172233430.871502, '1964': 185693724.845331, '1965': 198318063.860835, '1966': 220613582.369827, '1967': 237397428.336429, '1968': 251247458.012189, '1969': 265040036.059116, '1970': 274960699.85855, '1971': 322128019.323561, '1972': 410669262.897929, '1973': 541973362.480998, '1974': 585364635.354748, '1975': 767102679.018622, '1976': 754549600.548182, '1977': 765224030.636552, '1978': 878771771.29105, '1979': 1198749665.95066, '1980': 1705796849.54655, '1981': 1993512325.92286, '1982': 2160640566.5396, '1983': 2097274289.61512, '1984': 2193581366.40722, '1985': 2160872541.41887, '1986': 1849268214.68184, '1987': 2297753649.27979, '1988': 2212536313.33492, '1989': 2389593021.94866, '1990': 2798746050.58236, '1991': 2724853507.64996, '1992': 2933222705.7974, '1993': 2684323618.40365, '1994': 1769365438.88526, '1995': 2116003868.17373, '1996': 2540697537.70424, '1997': 2322719101.28455, '1998': 1949481380.64925, '1999': 2354772959.06186, '2000': 3227927697.43665, '2001': 2796704603.04443, '2002': 3034250926.18009, '2003': 3503723086.7028, '2004': 4656974937.55227, '2005': 6650001684.9045, '2006': 8072305030.68484, '2007': 8782703427.96085, '2008': 11649857662.1388, '2009': 9723299908.19473, '2010': 13148396205.671, '2011': 15655383585.9887, '2012': 17692911280.5627, '2013': 17958720704.4596, '2014': 17912907682.0663, '2015': 11890259176.6829, '2016': 10219341017.1383, '2017': 11094823676.5914, '2018': 13670038019.8594, '2019': 12750338736.1661, '2020': 10483151093.6873, '2021': 13366230821.3293, '2022': 14615532210.0523}",
COD,"Congo, Dem. Rep.",NY.GDP.MKTP.CD,GDP (current US$),"{'1960': 3359404117.64706, '1961': 3086746857.14286, '1962': 3779841428.57143, '1963': 6213185742.57426, '1964': 2881545272.72727, '1965': 4043901818.18182, '1966': 4532660181.81818, '1967': 3384063371.75792, '1968': 3909780538.92216, '1969': 5032434970.05988, '1970': 4877684910.17964, '1971': 5594770359.28144, '1972': 6173712814.37126, '1973': 7870239461.07784, '1974': 9596960179.64072, '1975': 10237343173.6527, '1976': 9648583224.99212, '1977': 12344424763.5727, '1978': 15372608002.3923, '1979': 15068422236.3663, '1980': 14394927494.8647, '1981': 12537821038.2202, '1982': 13651667371.1676, '1983': 11006712650.4481, '1984': 7857729193.20343, '1985': 7195042616.0071, '1986': 8095367168.21769, '1987': 7661625472.57705, '1988': 8861299976.74158, '1989': 9021862775.18112, '1990': 9349764580.41173, '1991': 9625436872.51075, '1992': 8227343907.26679, '1993': 10706259936.7425, '1994': 5820382248.28202, '1995': 5643439376.10491, '1996': 5771454939.62404, '1997': 6090840548.18784, '1998': 6217806273.31082, '1999': 4711259427.27273, '2000': 19088046305.7971, '2001': 7438189100.33333, '2002': 8728038525.14034, '2003': 8937567059.87754, '2004': 10297483481.223, '2005': 11964484457.5233, '2006': 14451901696.3878, '2007': 16737071816.38, '2008': 19788515579.0498, '2009': 18648372544.7984, '2010': 21565721036.3591, '2011': 25839749198.8233, '2012': 29306235295.3371, '2013': 32679745036.2659, '2014': 35909040943.885, '2015': 37917706485.5896, '2016': 37134801548.836, '2017': 38019264804.5125, '2018': 47568210020.9338, '2019': 51775829868.7669, '2020': 48716961864.5378, '2021': 55350968593.0597, '2022': 58065953573.3247}",
DJI,Djibouti,NY.GDP.MKTP.CD,GDP (current US$),"{'1960': None, '1961': None, '1962': None, '1963': None, '1964': None, '1965': None, '1966': None, '1967': None, '1968': None, '1969': None, '1970': None, '1971': None, '1972': None, '1973': None, '1974': None, '1975': None, '1976': None, '1977': None, '1978': None, '1979': None, '1980': None, '1981': None, '1982': None, '1983': None, '1984': None, '1985': 340989527.969913, '1986': None, '1987': 373371738.286415, '1988': 395794538.630775, '1989': 409220087.102818, '1990': 452328087.282876, '1991': 462421998.525779, '1992': 478058304.871118, '1993': 466048469.22986, '1994': 491689220.744875, '1995': 497723960.589913, '1996': 494004647.73437, '1997': 502675542.001227, '1998': 514267869.300758, '1999': 536080148.097299, '2000': 551230861.856505, '2001': 572417440.820162, '2002': 591122039.601398, '2003': 622044665.515049, '2004': 666072101.777505, '2005': 708633194.726566, '2006': 768873684.032838, '2007': 847918929.107984, '2008': 999105339.267729, '2009': 1049110684.72493, '2010': 1128611700.3618, '2011': 1239144501.77525, '2012': 1353632941.5207, '2013': 2042817162.85639, '2014': 2214679081.25658, '2015': 2424391785.43897, '2016': 2604955228.70117, '2017': 2762581334.22612, '2018': 2913466732.12507, '2019': 3088853638.56832, '2020': 3181071153.6622, '2021': 3372287461.80812, '2022': 3515109075.46098}",
EGY,"Egypt, Arab Rep.",NY.GDP.MKTP.CD,GDP (current US$),"{'1960': None, '1961': None, '1962': None, '1963': None, '1964': None, '1965': 4948667540.41066, '1966': 5278005611.91453, '1967': 5605484298.98275, '1968': 5932242990.65421, '1969': 6524455205.81114, '1970': 8042200452.1477, '1971': 8609283346.08518, '1972': 9299638055.84281, '1973': 10098534613.4411, '1974': 9228963224.60004, '1975': 11632178868.9171, '1976': 13315988083.4161, '1977': 14400806875.9867, '1978': 14811704063.0685, '1979': 18020571428.5714, '1980': 21669908176.3889, '1981': 22136081081.0811, '1982': 27655172413.7931, '1983': 30966239813.7369, '1984': 33971188991.6147, '1985': 39053502251.0732, '1986': 41253507951.3564, '1987': 40455616653.5742, '1988': 34980124929.0176, '1989': 39756299049.9793, '1990': 42978914311.3504, '1991': 37387836490.5284, '1992': 41855986519.4235, '1993': 46578631452.581, '1994': 51897983392.6453, '1995': 60159245060.4541, '1996': 67629716981.1321, '1997': 78436578171.0914, '1998': 84828807556.0803, '1999': 90710704806.8416, '2000': 99838543960.0763, '2001': 96684636118.5984, '2002': 85146067415.7303, '2003': 80288461538.4615, '2004': 78782467532.4675, '2005': 89600665557.4043, '2006': 107426086956.522, '2007': 130437828371.278, '2008': 162818181818.182, '2009': 189147005444.646, '2010': 218983666061.706, '2011': 235989672977.625, '2012': 279116666666.667, '2013': 288434108527.132, '2014': 305595408895.265, '2015': 329366576819.407, '2016': 332441717791.411, '2017': 248362771739.13, '2018': 262588632526.73, '2019': 318678815489.749, '2020': 383817841547.099, '2021': 424671765455.704, '2022': 476747720364.742}",
GNQ,Equatorial Guinea,NY.GDP.MKTP.CD,GDP (current US$),"{'1960': None, '1961': None, '1962': 9122751.45318345, '1963': 10840095.1283649, '1964': 12712471.3960211, '1965': 64748333.3333333, '1966': 69110000, '1967': 72317446.9327193, '1968': 67514285.7142857, '1969': 67225714.2857143, '1970': 66331428.5714286, '1971': 64946954.756798, '1972': 65429198.238708, '1973': 81203226.9138345, '1974': 94159862.7073691, '1975': 104295643.388437, '1976': 103653049.93797, '1977': 103987520.075827, '1978': None, '1979': None, '1980': 50642880.7737503, '1981': 36731422.8456914, '1982': 44294647.733479, '1983': 44442456.94764, '1984': 50320914.4065688, '1985': 62118570.0053235, '1986': 76407395.9710488, '1987': 93345859.405032, '1988': 100534656.942699, '1989': 88265974.7260518, '1990': 112119411.508746, '1991': 110906028.612022, '1992': 134707183.973556, '1993': 136047906.00517, '1994': 100807002.602709, '1995': 141853360.895902, '1996': 232463022.679122, '1997': 442337870.426546, '1998': 370687634.697573, '1999': 621117885.668503, '2000': 1045998496.43872, '2001': 1461139022.02954, '2002': 1806742742.27311, '2003': 2484745935.09329, '2004': 4410764338.66733, '2005': 8217369092.65224, '2006': 10086528698.8604, '2007': 13071718758.7373, '2008': 19749893536.3204, '2009': 15027795173.2187, '2010': 16314443428.9392, '2011': 21357343681.8949, '2012': 22388344123.9938, '2013': 21948834290.3521, '2014': 21765453087.479, '2015': 13185496881.4052, '2016': 11240808846.6924, '2017': 12200913887.6428, '2018': 13097012124.2261, '2019': 11364133546.2494, '2020': 10099157995.5789, '2021': 12269393392.1579, '2022': 11813908447.8131}",
ERI,Eritrea,NY.GDP.MKTP.CD,GDP (current US$),"{'1960': None, '1961': None, '1962': None, '1963': None, '1964': None, '1965': None, '1966': None, '1967': None, '1968': None, '1969': None, '1970': None, '1971': None, '1972': None, '1973': None, '1974': None, '1975': None, '1976': None, '1977': None, '1978': None, '1979': None, '1980': None, '1981': None, '1982': None, '1983': None, '1984': None, '1985': None, '1986': None, '1987': None, '1988': None, '1989': None, '1990': None, '1991': None, '1992': 477101651.648376, '1993': 467872714.755603, '1994': 531688311.688312, '1995': 578015625, '1996': 693535954.190067, '1997': 686490090.140141, '1998': 745523074.705326, '1999': 688918508.948029, '2000': 706370815.584416, '2001': 752371683.199361, '2002': 729321671.445917, '2003': 870248293.678303, '2004': 1109054005.43971, '2005': 1098424709.48675, '2006': 1211161879.6748, '2007': 1317974491.05691, '2008': 1380188800, '2009': 1856695551.21951, '2010': 1589515447.15447, '2011': 2065001626.01626, '2012': None, '2013': None, '2014': None, '2015': None, '2016': None, '2017': None, '2018': None, '2019': None, '2020': None, '2021': None, '2022': None}",
SWZ,Eswatini,NY.GDP.MKTP.CD,GDP (current US$),"{'1960': 35076845.9832923, '1961': 43026042.8067933, '1962': 45927961.6471865, '1963': 54129438.3698764, '1964': 64980554.0337706, '1965': 70279971.9161232, '1966': 76859969.2867562, '1967': 74759970.1259159, '1968': 79799968.1119327, '1969': 105419957.874185, '1970': 112139955.188874, '1971': 136462096.704851, '1972': 146736433.958439, '1973': 221915096.205453, '1974': 264320939.570152, '1975': 288299883.906649, '1976': 272549999.763, '1977': 304059999.7356, '1978': 340629999.7038, '1979': 412093133.760988, '1980': 541977035.402091, '1981': 570774862.060517, '1982': 537568142.050848, '1983': 555336145.8925, '1984': 494483241.372298, '1985': 360079419.480205, '1986': 449140383.953373, '1987': 584125996.62743, '1988': 692026606.934121, '1989': 696921409.513751, '1990': 1114694112.47478, '1991': 1156135717.94598, '1992': 1284759852.46684, '1993': 1357189724.73828, '1994': 1419294121.1812, '1995': 1698989463.99106, '1996': 1602741771.57434, '1997': 1716714194.30934, '1998': 1576908808.80611, '1999': 1547888453.75789, '2000': 1738093756.88208, '2001': 1542477308.89408, '2002': 1432221784.41501, '2003': 2197598417.83694, '2004': 2770082791.50412, '2005': 3178112332.09377, '2006': 3291329938.16407, '2007': 3469381231.49049, '2008': 3294084181.23708, '2009': 3580427985.94816, '2010': 4438765109.49036, '2011': 4820478592.33503, '2012': 4886551706.18441, '2013': 4597552948.64649, '2014': 4422986447.48958, '2015': 4063245671.29285, '2016': 3816019222.86268, '2017': 4402969225.92165, '2018': 4666598023.91856, '2019': 4466214522.19539, '2020': 3982236726.3678, '2021': 4748702400.66283, '2022': 4854167638.37388}",
ETH,Ethiopia,NY.GDP.MKTP.CD,GDP (current US$),"{'1960': None, '1961': None, '1962': None, '1963': None, '1964': None, '1965': None, '1966': None, '1967': None, '1968': None, '1969': None, '1970': None, '1971': None, '1972': None, '1973': None, '1974': None, '1975': None, '1976': None, '1977': None, '1978': None, '1979': None, '1980': None, '1981': 7324903191.9444, '1982': 7707678023.04719, '1983': 8567890825.39512, '1984': 8096302370.73509, '1985': 9480840483.09179, '1986': 9848600869.56522, '1987': 10527338647.343, '1988': 10908935748.7923, '1989': 11476584879.2271, '1990': 12175166763.285, '1991': 13463868357.4879, '1992': 10492993077.6093, '1993': 8830712713.90781, '1994': 6927950564.55657, '1995': 7663984567.90123, '1996': 8547939730.62374, '1997': 8589233419.59411, '1998': 7818205971.60231, '1999': 7700833482.00615, '2000': 8242349955.05111, '2001': 8231326016.47494, '2002': 7850809498.16803, '2003': 8623691300.04079, '2004': 10131187261.4421, '2005': 12401139453.9738, '2006': 15280861834.6024, '2007': 19707616772.7996, '2008': 27066912635.2228, '2009': 32437389116.038, '2010': 29933790334.3418, '2011': 31952763089.33, '2012': 43310721414.0829, '2013': 47648276190.2977, '2014': 55612228233.5179, '2015': 64589329344.6937, '2016': 74296745599.0048, '2017': 81770886908.5198, '2018': 84269196152.0333, '2019': 95912607970.1686, '2020': 107657734392.446, '2021': 111261882913.342, '2022': 126783472501.134}",
GAB,Gabon,NY.GDP.MKTP.CD,GDP (current US$),"{'1960': 141468977.570007, '1961': 167637907.381723, '1962': 182796536.499884, '1963': 154480244.246844, '1964': 215679855.272516, '1965': 226474285.587108, '1966': 245849781.715899, '1967': 271543680.279285, '1968': 294468564.534369, '1969': 318124701.048949, '1970': 323802475.480977, '1971': 381687073.058558, '1972': 430508357.723916, '1973': 722780701.123251, '1974': 1544216003.9841, '1975': 2157592936.60712, '1976': 3009409970.90514, '1977': 2809349074.17738, '1978': 2389479269.18878, '1979': 3030251116.35999, '1980': 4279637933.85126, '1981': 3862269126.92642, '1982': 3618007844.44919, '1983': 3391275731.31834, '1984': 3561451562.23569, '1985': 3339914759.37269, '1986': 3403638193.57912, '1987': 3281797038.6659, '1988': 3834503378.35525, '1989': 4186411457.4569, '1990': 5952293765.84484, '1991': 5402919788.23153, '1992': 5592390832.66829, '1993': 4378645081.01769, '1994': 4190819346.82143, '1995': 4958845649.02823, '1996': 5694039999.86528, '1997': 5326817111.31062, '1998': 4483417313.11823, '1999': 4662992036.2073, '2000': 5080483628.30574, '2001': 5023265411.47748, '2002': 5335451103.75569, '2003': 6511903363.53884, '2004': 7770219003.91662, '2005': 9582783997.22141, '2006': 10327598308.5297, '2007': 12455409574.9408, '2008': 15571348329.2279, '2009': 12113699059.4581, '2010': 14372593013.8124, '2011': 18210307754.4426, '2012': 17170464000.7824, '2013': 17595744803.6041, '2014': 18203966900.4404, '2015': 14383107763.1182, '2016': 14023890263.875, '2017': 14929487495.759, '2018': 16867326389.8696, '2019': 16874405460.1964, '2020': 15314577167.8199, '2021': 20217946921.2063, '2022': 21071739227.9428}",
GMB,"Gambia, The",NY.GDP.MKTP.CD,GDP (current US$),"{'1960': None, '1961': None, '1962': None, '1963': None, '1964': None, '1965': None, '1966': 44212088.4188291, '1967': 46695008.7660868, '1968': 41160065.8347022, '1969': 45168072.2454283, '1970': 52296083.64654, '1971': 55728655.7957709, '1972': 59160575.5095456, '1973': 75187768.3495329, '1974': 95796033.6554112, '1975': 115179737.736179, '1976': 112190822.646033, '1977': 138093106.277641, '1978': 171833061.578461, '1979': 207112649.702942, '1980': 241083112.728768, '1981': 218767720.450751, '1982': 216050534.814986, '1983': 213448615.748728, '1984': 177340879.462617, '1985': 225726370.227358, '1986': 185646984.458794, '1987': 220626480.938017, '1988': 266672202.480435, '1989': 284120331.64738, '1990': 317083688.199874, '1991': 690311093.172052, '1992': 714254263.103249, '1993': 755040935.022498, '1994': 746493955.008434, '1995': 785999879.720691, '1996': 848239405.565637, '1997': 803633368.735802, '1998': 840285264.631545, '1999': 814724055.898334, '2000': 782913865.987568, '2001': 687410630.457292, '2002': 578235309.327198, '2003': 487038679.355229, '2004': 961900640.746364, '2005': 1027701055.56871, '2006': 1054112487.74083, '2007': 1279703029.87257, '2008': 1561766955.73024, '2009': 1450142497.46262, '2010': 1543294945.45714, '2011': 1409693594.05748, '2012': 1415004743.17939, '2013': 1375609459.78172, '2014': 1229461731.70458, '2015': 1378176605.93705, '2016': 1484578897.15783, '2017': 1504909447.77459, '2018': 1670671340.37966, '2019': 1813609679.15313, '2020': 1812170878.30632, '2021': 2038414973.57173, '2022': 2273060863.13981}",
GHA,Ghana,NY.GDP.MKTP.CD,GDP (current US$),"{'1960': 1217230094.97205, '1961': 1302674324.88378, '1962': 1382515654.47343, '1963': 1540797588.57221, '1964': 1731296199.52296, '1965': 2053462968.0426, '1966': 2126300672.22965, '1967': 1747187644.9031, '1968': 1666909517.65205, '1969': 1962050555.7775, '1970': 2215028588.45646, '1971': 2417108577.52739, '1972': 2112293279.98507, '1973': 3006766758.43977, '1974': 2894409937.8882, '1975': 2810106382.97872, '1976': 2765254237.28814, '1977': 3189428571.42857, '1978': 3662478184.99127, '1979': 4020227920.22792, '1980': 4445228215.76763, '1981': 4222441614.97432, '1982': 4035994397.7591, '1983': 4057275042.82903, '1984': 4412279843.44423, '1985': 4504342149.43471, '1986': 5735921420.38769, '1987': 5074829931.97279, '1988': 5197840972.6857, '1989': 5251764269.91812, '1990': 5889174833.90034, '1991': 6603130039.87292, '1992': 6416079341.97329, '1993': 5968905678.89099, '1994': 5446370114.57708, '1995': 6464389656.21299, '1996': 6932984635.632, '1997': 6891433840.90915, '1998': 7482072380.2381, '1999': 7718110780.94815, '2000': 4982849054.0291, '2001': 5314871683.5223, '2002': 6166197191.76694, '2003': 7632720680.28119, '2004': 8881419348.21705, '2005': 10744562614.7479, '2006': 20885042153.0199, '2007': 24827333947.3782, '2008': 28679383241.0729, '2009': 26048726185.6746, '2010': 32197648061.1663, '2011': 39336668080.559, '2012': 41271708599.715, '2013': 62824629066.0408, '2014': 54783320576.8882, '2015': 49406014245.4296, '2016': 56164933479.4044, '2017': 60405920071.1024, '2018': 67298913752.0241, '2019': 68337974418.7681, '2020': 70043095503.2503, '2021': 79156409409.8581, '2022': 72838798787.7066}",
GIN,Guinea,NY.GDP.MKTP.CD,GDP (current US$),"{'1960': None, '1961': None, '1962': None, '1963': None, '1964': None, '1965': None, '1966': None, '1967': None, '1968': None, '1969': None, '1970': None, '1971': None, '1972': None, '1973': None, '1974': None, '1975': None, '1976': None, '1977': None, '1978': None, '1979': None, '1980': None, '1981': None, '1982': None, '1983': None, '1984': None, '1985': None, '1986': 1995186720.74733, '1987': 2041538039.57727, '1988': 2384295814.85223, '1989': 2432029296.80623, '1990': 2666750820.49987, '1991': 3015058205.58401, '1992': 3284620421.84712, '1993': 3279096491.81869, '1994': 3383092769.85285, '1995': 3693710532.91191, '1996': 3868968366.14337, '1997': 3783700461.64359, '1998': 3588375621.82568, '1999': 3461282459.96593, '2000': 2995361112.0538, '2001': 2829435908.16305, '2002': 2950198723.60858, '2003': 3446441784.82252, '2004': 3635458213.65962, '2005': 2937071740.39148, '2006': 4220019242.74824, '2007': 6281917649.66709, '2008': 6964179187.53836, '2009': 6716904516.30084, '2010': 6853467832.6761, '2011': 6785137215.23269, '2012': 7638045225.63676, '2013': 8376613880.25749, '2014': 8778473643.01989, '2015': 8794202394.72245, '2016': 8595955600.7877, '2017': 10324668270.876, '2018': 11857030366.4598, '2019': 13442861496.5747, '2020': 14177835840.8311, '2021': 16091817842.2348, '2022': 21227749388.7287}",
GNB,Guinea-Bissau,NY.GDP.MKTP.CD,GDP (current US$),"{'1960': None, '1961': None, '1962': None, '1963': None, '1964': None, '1965': None, '1966': None, '1967': None, '1968': None, '1969': None, '1970': 78733594.8411852, '1971': 78540057.1372471, '1972': 87702828.5651641, '1973': 89374237.2881356, '1974': 98775328.9473684, '1975': 108985740.155434, '1976': 112386489.005677, '1977': 114971207.205384, '1978': 122666858.789625, '1979': 118537875.133044, '1980': 110653830.722704, '1981': 154731969.69697, '1982': 165523634.503718, '1983': 163577538.326314, '1984': 138478900.628609, '1985': 143856253.127248, '1986': 130225018.751151, '1987': 173836362.010677, '1988': 164458120.318029, '1989': 213143016.446378, '1990': 243961995.512687, '1991': 257150374.069711, '1992': 226313443.749086, '1993': 236880821.656388, '1994': 235620043.500927, '1995': 253966922.278198, '1996': 270419779.418107, '1997': 268551010.939623, '1998': 206457553.398034, '1999': 224446663.800548, '2000': 371095522.049254, '2001': 392621389.507611, '2002': 417806651.119856, '2003': 477458577.161635, '2004': 532062894.801533, '2005': 587029096.029113, '2006': 592365659.824007, '2007': 696910784.016302, '2008': 868154627.869806, '2009': 830126428.786134, '2010': 849878489.113364, '2011': 1099818591.95727, '2012': 989271155.126905, '2013': 1046087367.44973, '2014': 1054915581.36774, '2015': 1048229632.99726, '2016': 1179004911.26075, '2017': 1350177012.24771, '2018': 1504630233.68639, '2019': 1439638410.99593, '2020': 1431758231.68287, '2021': 1638517606.88578, '2022': 1633559092.06611}",
CIV,Cote d'Ivoire,NY.GDP.MKTP.CD,GDP (current US$),"{'1960': 546203558.456965, '1961': 618245635.134801, '1962': 645284474.559229, '1963': 761047198.973677, '1964': 921063326.292797, '1965': 919771228.036518, '1966': 1024102881.90257, '1967': 1082922725.79069, '1968': 1281281277.98148, '1969': 1361360291.5873, '1970': 1455482795.26555, '1971': 1584128511.27902, '1972': 1849400398.25228, '1973': 2508421425.57669, '1974': 3070152313.83854, '1975': 3893839184.06847, '1976': 4662053819.62908, '1977': 6265068200.43055, '1978': 7900526290.12877, '1979': 9142933955.51749, '1980': 10175617589.1232, '1981': 8432589956.34896, '1982': 7567110855.85391, '1983': 6838184772.07869, '1984': 6841639250.21886, '1985': 6977650648.47401, '1986': 9158302111.36131, '1987': 10087654451.341, '1988': 10255169812.0186, '1989': 9757410629.74456, '1990': 10795850584.5874, '1991': 10492628587.8592, '1992': 11152971284.4479, '1993': 11045760268.6156, '1994': 8313557515.30312, '1995': 11000146268.6884, '1996': 18071152820.9832, '1997': 18047558026.6049, '1998': 19619654770.0679, '1999': 18870992455.7304, '2000': 16577533891.5688, '2001': 16810537038.4139, '2002': 18054383333.5221, '2003': 21251754334.7999, '2004': 23510575668.5588, '2005': 24036918719.3374, '2006': 25281413268.2525, '2007': 28760090924.2666, '2008': 34078240260.1872, '2009': 33886813225.179, '2010': 34936307964.3213, '2011': 36693710822.2216, '2012': 36302302844.0196, '2013': 42760235496.3898, '2014': 48843005625.0307, '2015': 45815005170.6127, '2016': 48407761031.6758, '2017': 52512344033.9625, '2018': 58522477744.7313, '2019': 59898479821.1946, '2020': 62982768371.5174, '2021': 71811075954.676, '2022': 70018715016.6967}",
KEN,Kenya,NY.GDP.MKTP.CD,GDP (current US$),"{'1960': 791265458.813328, '1961': 792959472.134266, '1962': 868111400.008864, '1963': 926589348.567393, '1964': 998759333.637333, '1965': 997919319.974061, '1966': 1164519673.19064, '1967': 1232559505.9162, '1968': 1353295457.51798, '1969': 1458379415.39403, '1970': 1603447357.24209, '1971': 1778391289.20054, '1972': 2107279157.38336, '1973': 2509001444.1602, '1974': 2969958812.43227, '1975': 3259344935.75357, '1976': 3474542392.04597, '1977': 4494378855.32203, '1978': 5303734882.5116, '1979': 6234390975.29871, '1980': 7265315331.62273, '1981': 6854491453.91471, '1982': 6431579357.30273, '1983': 5979198463.82274, '1984': 6191437070.43467, '1985': 6135034338.30431, '1986': 7239126716.93219, '1987': 7970820530.76691, '1988': 8355380879.12955, '1989': 8283114648.38116, '1990': 8572359162.86876, '1991': 8151488881.9683, '1992': 8209120678.11342, '1993': 5751786609.50323, '1994': 7148148564.04239, '1995': 9046320196.77295, '1996': 12045865466.4343, '1997': 13115764432.7232, '1998': 14093998843.7334, '1999': 12896010520.4958, '2000': 12705350153.4012, '2001': 12986007425.8781, '2002': 13147736954.17, '2003': 14904517649.8476, '2004': 16095337093.8366, '2005': 18737895400.78, '2006': 25825512277.8911, '2007': 31958195182.2406, '2008': 35895153327.8497, '2009': 42347217912.9176, '2010': 45405615233.0693, '2011': 46869473165.8905, '2012': 56396704833.4676, '2013': 61671440480.6895, '2014': 68285796662.6532, '2015': 70120446663.6256, '2016': 74815143796.3978, '2017': 82036511258.8324, '2018': 92202979940.671, '2019': 100378435824.178, '2020': 100657505600.655, '2021': 109703659312.872, '2022': 113420008178.793}",
LSO,Lesotho,NY.GDP.MKTP.CD,GDP (current US$),"{'1960': 34579986.1818375, '1961': 35699985.7342857, '1962': 41859983.2727507, '1963': 47039981.2028235, '1964': 51939979.2447843, '1965': 54879978.0699607, '1966': 56699977.342689, '1967': 59261976.3189142, '1968': 61445975.4461882, '1969': 65967973.6391977, '1970': 68739972.531507, '1971': 76480293.9524112, '1972': 80913175.462898, '1973': 121188698.642069, '1974': 150851315.734636, '1975': 149558945.403731, '1976': 147659999.8716, '1977': 193314999.8319, '1978': 266569999.7682, '1979': 290134729.683747, '1980': 431542682.236012, '1981': 434188034.188034, '1982': 348741737.284042, '1983': 386699308.945943, '1984': 333163557.421089, '1985': 268629925.923116, '1986': 318858469.538225, '1987': 402768258.541937, '1988': 470395904.054049, '1989': 495409138.180352, '1990': 596410302.16263, '1991': 704325366.718393, '1992': 831029813.140829, '1993': 835582169.020455, '1994': 878250862.834133, '1995': 1001894000.27846, '1996': 946112456.168268, '1997': 998004330.90987, '1998': 928460865.117733, '1999': 912773656.150185, '2000': 887291645.302466, '2001': 825706961.238689, '2002': 775777263.090784, '2003': 1157825409.28048, '2004': 1511236655.52047, '2005': 1682343439.30976, '2006': 1800092519.44933, '2007': 1682025303.1603, '2008': 1766820422.4798, '2009': 1740835819.8008, '2010': 2234731973.55119, '2011': 2579421686.24912, '2012': 2477702252.80078, '2013': 2367113170.00373, '2014': 2441063169.47922, '2015': 2359754087.58169, '2016': 2114426468.65681, '2017': 2306741598.79677, '2018': 2556247155.56945, '2019': 2436029587.61009, '2020': 2117736527.79886, '2021': 2373416268.51107, '2022': 2553459762.7992}",
LBR,Liberia,NY.GDP.MKTP.CD,GDP (current US$),"{'1960': None, '1961': None, '1962': None, '1963': None, '1964': None, '1965': None, '1966': None, '1967': None, '1968': None, '1969': None, '1970': None, '1971': None, '1972': None, '1973': None, '1974': None, '1975': None, '1976': None, '1977': None, '1978': None, '1979': None, '1980': None, '1981': None, '1982': None, '1983': None, '1984': None, '1985': None, '1986': None, '1987': None, '1988': None, '1989': None, '1990': None, '1991': None, '1992': None, '1993': None, '1994': None, '1995': None, '1996': None, '1997': None, '1998': None, '1999': None, '2000': 874000000, '2001': 906000000, '2002': 927000000, '2003': 748000000, '2004': 897000000, '2005': 949000000, '2006': 1119000000, '2007': 1373000000, '2008': 1726000000, '2009': 1768000000, '2010': 1998000000, '2011': 2398000000, '2012': 2791614000, '2013': 3177198100, '2014': 3225652000, '2015': 3227075700, '2016': 3398419600, '2017': 3390703400, '2018': 3422754800, '2019': 3319596500, '2020': 3039982500, '2021': 3509000000, '2022': 4001047150}",
LBY,Libya,NY.GDP.MKTP.CD,GDP (current US$),"{'1960': None, '1961': None, '1962': None, '1963': None, '1964': None, '1965': None, '1966': None, '1967': None, '1968': None, '1969': None, '1970': None, '1971': None, '1972': None, '1973': None, '1974': None, '1975': None, '1976': None, '1977': None, '1978': None, '1979': None, '1980': None, '1981': None, '1982': None, '1983': None, '1984': None, '1985': None, '1986': None, '1987': None, '1988': None, '1989': None, '1990': 28904164239.3038, '1991': 31991785107.6288, '1992': 33887005287.7376, '1993': 30660029871.1515, '1994': 28610532505.4149, '1995': 25541383196.7302, '1996': 27884630117.5758, '1997': 30700890193.3163, '1998': 27251275902.5491, '1999': 35975878804.297, '2000': 38270983031.8246, '2001': 34112079628.5693, '2002': 20481889763.7795, '2003': 26265625000, '2004': 33122307692.3077, '2005': 47334697611.8548, '2006': 60094248771.9918, '2007': 68032985520.2676, '2008': 86710739534.5526, '2009': 60808538330.3417, '2010': 75380800664.4198, '2011': 48169243831.9141, '2012': 92540964665.5578, '2013': 75351117628.308, '2014': 57372352562.4888, '2015': 48717506272.6981, '2016': 49912085228.3487, '2017': 67157451660.2727, '2018': 76686048499.3527, '2019': 69254143968.3398, '2020': 46808208747.2754, '2021': 39798423941.0335, '2022': 45752336035.9846}",
,,,,,Not found
MWI,Malawi,NY.GDP.MKTP.CD,GDP (current US$),"{'1960': None, '1961': None, '1962': None, '1963': None, '1964': None, '1965': None, '1966': None, '1967': None, '1968': None, '1969': None, '1970': None, '1971': None, '1972': None, '1973': None, '1974': None, '1975': None, '1976': None, '1977': None, '1978': None, '1979': None, '1980': 1801157516.23043, '1981': 1801193743.88288, '1982': 1717379360.42987, '1983': 1780147545.95853, '1984': 1758028656.74575, '1985': 1646442592.58455, '1986': 1722585991.06697, '1987': 1721712198.25696, '1988': 2008189638.9482, '1989': 2314204989.72207, '1990': 2737088195.94459, '1991': 3206784402.38111, '1992': 2618837532.19438, '1993': 3013392429.85585, '1994': 1719864761.30628, '1995': 2033701542.3252, '1996': 3319573821.89376, '1997': 3875785863.38323, '1998': 2547609562.74027, '1999': 2584478943.60105, '2000': 2537307566.12394, '2001': 2498008653.13585, '2002': 5087328437.8737, '2003': 4669789300.35662, '2004': 5058726350.48896, '2005': 5320409651.47544, '2006': 5818279739.14354, '2007': 6451210219.11683, '2008': 7743617352.21427, '2009': 9009887946.82039, '2010': 10128323010.6049, '2011': 11648142958.3651, '2012': 8773203178.16512, '2013': 8031571927.62055, '2014': 8801326169.14547, '2015': 9219474373.16418, '2016': 7909868618.46366, '2017': 8943543677.18899, '2018': 9880675785.93057, '2019': 11025371147.1876, '2020': 12056108780.2073, '2021': 12602334123.7637, '2022': 13164667626.9363}",
MLI,Mali,NY.GDP.MKTP.CD,GDP (current US$),"{'1960': None, '1961': None, '1962': None, '1963': None, '1964': None, '1965': None, '1966': None, '1967': 275494477.81984, '1968': 343771973.331357, '1969': 339913866.633523, '1970': 359772315.067256, '1971': 395218629.372336, '1972': 486617279.362262, '1973': 563683703.170094, '1974': 538747340.766661, '1975': 830710613.857335, '1976': 939228016.198078, '1977': 1049838549.9613, '1978': 1222702571.57931, '1979': 1595422953.67648, '1980': 1759691182.94597, '1981': 1538972426.91311, '1982': 1333754226.22123, '1983': 1297765325.81885, '1984': 1232932104.67093, '1985': 1392196048.89064, '1986': 1852163455.53598, '1987': 2090629984.18361, '1988': 2169040604.50929, '1989': 2181821905.94196, '1990': 2681912149.14767, '1991': 2724131460.10827, '1992': 2830673380.79743, '1993': 2818281080.10984, '1994': 2081846499.03751, '1995': 2706425157.92907, '1996': 2780422047.73085, '1997': 2697105821.83307, '1998': 2920358712.64824, '1999': 3440724707.80834, '2000': 2961484953.73364, '2001': 3468337941.0883, '2002': 3908121309.85681, '2003': 4714071978.28635, '2004': 5454249122.71389, '2005': 6247515892.29694, '2006': 6905934219.29467, '2007': 8156468818.00868, '2008': 9838403090.95859, '2009': 10231962382.7842, '2010': 10689168011.4449, '2011': 12995112698.0102, '2012': 12442035328.035, '2013': 13242690790.0557, '2014': 14364937127.7002, '2015': 13104764378.7114, '2016': 14026048334.2131, '2017': 15365713059.1057, '2018': 17070867577.6666, '2019': 17280250805.2245, '2020': 17465392779.0366, '2021': 19309463505.9833, '2022': 18827176532.3169}",
MRT,Mauritania,NY.GDP.MKTP.CD,GDP (current US$),"{'1960': None, '1961': 159213426.501887, '1962': 164271553.699783, '1963': 168186293.249762, '1964': 224495738.505742, '1965': 255340469.014596, '1966': 266533598.898919, '1967': 282615303.571519, '1968': 311395929.92049, '1969': 295062290.316742, '1970': 309405315.754853, '1971': 335568937.061988, '1972': 391669449.251139, '1973': 493237913.177749, '1974': 613010507.417935, '1975': 703377837.468541, '1976': 775045516.867217, '1977': 799029958.721493, '1978': 804629876.761441, '1979': 951900945.208912, '1980': 1047925029.52885, '1981': 1105494605.37314, '1982': 1108776724.17623, '1983': 1165171334.26275, '1984': 1074373174.16338, '1985': 1009723326.32056, '1986': 1186628778.51695, '1987': 1344664663.9926, '1988': 1414951227.39805, '1989': 1450647019.18099, '1990': 1506914407.82047, '1991': 2133692609.95576, '1992': 2164298425.48412, '1993': 1847353160.37444, '1994': 1944876755.00708, '1995': 2091726047.70039, '1996': 2132087061.08121, '1997': 2071996518.57055, '1998': 2032347629.00637, '1999': 1985922807.12919, '2000': 1779520861.64321, '2001': 1746063580.38174, '2002': 1777057503.059, '2003': 2051147606.73687, '2004': 2362501023.24249, '2005': 2936019525.60241, '2006': 3919577285.92703, '2007': 4346212411.05496, '2008': 5206437120.9471, '2009': 4714595487.85253, '2010': 5628878865.99027, '2011': 6764627665.69239, '2012': 6728208836.22143, '2013': 7223071177.15856, '2014': 6592537781.81518, '2015': 6166863960.00061, '2016': 6398741855.76276, '2017': 6800138755.34592, '2018': 7473550557.07378, '2019': 8066118984.30581, '2020': 8405498735.74293, '2021': 9996240418.70784, '2022': 10375460680.4361}",
MUS,Mauritius,NY.GDP.MKTP.CD,GDP (current US$),"{'1960': None, '1961': None, '1962': None, '1963': None, '1964': None, '1965': None, '1966': None, '1967': None, '1968': None, '1969': None, '1970': None, '1971': None, '1972': None, '1973': None, '1974': None, '1975': None, '1976': 704030891.256716, '1977': 823633426.242452, '1978': 1015369264.0707, '1979': 1211139631.32812, '1980': 1131789419.03755, '1981': 1142388228.18295, '1982': 1078403870.33855, '1983': 1090276947.31304, '1984': 1040554576.01413, '1985': 1076122255.82323, '1986': 1462904781.85454, '1987': 1880850480.07423, '1988': 2134513096.5249, '1989': 2181935024.14244, '1990': 2653485952.13319, '1991': 2856889159.58616, '1992': 3224265821.36824, '1993': 3263363787.16599, '1994': 3558143644.06071, '1995': 4040342060.18334, '1996': 4421952122.97703, '1997': 4187375887.41175, '1998': 4169672974.84855, '1999': 4343708895.58505, '2000': 4663321022.22673, '2001': 4613637222.14006, '2002': 4841310239.63687, '2003': 5816559038.54545, '2004': 6578840498.66931, '2005': 6488743119.74298, '2006': 7028810754.78164, '2007': 8150150144.15635, '2008': 9990356849.29491, '2009': 9128843109.15588, '2010': 10003670690.3497, '2011': 11518413429.9684, '2012': 11668696526.2252, '2013': 12292974007.9361, '2014': 13074130094.3723, '2015': 12007291045.6489, '2016': 12594155346.298, '2017': 13713505998.0391, '2018': 14735695930.9727, '2019': 14436347115.2893, '2020': 11401040995.9946, '2021': 11476433603.7814, '2022': 12898307089.1315}",
,,,,,Not found
MAR,Morocco,NY.GDP.MKTP.CD,GDP (current US$),"{'1960': 2037154740.29751, '1961': 2025693537.93302, '1962': 2379611122.70504, '1963': 2657252576.17548, '1964': 2798345296.33244, '1965': 2948331088.10181, '1966': 2876401294.79959, '1967': 3046345311.94219, '1968': 3271422329.995, '1969': 3651622666.021, '1970': 3956336240.94413, '1971': 4356669160.63397, '1972': 5074117544.77482, '1973': 6242146134.92684, '1974': 7675467036.60961, '1975': 8984851898.73747, '1976': 9584296202.0867, '1977': 11049784283.2153, '1978': 13236946766.2301, '1979': 15911994141.2408, '1980': 21728517078.5354, '1981': 17788186055.571, '1982': 17692275268.3876, '1983': 16251407368.0967, '1984': 14824668235.7834, '1985': 14991283215.7408, '1986': 19462086253.3066, '1987': 21765195948.189, '1988': 25705296183.5037, '1989': 26314313191.1826, '1990': 30179955995.515, '1991': 32285573573.9185, '1992': 33711069430.78, '1993': 31655473663.8348, '1994': 35604137422.5796, '1995': 39030285468.3841, '1996': 43161572352.9793, '1997': 39147844526.0838, '1998': 46497609536.2418, '1999': 46266427862.751, '2000': 43017455401.4244, '2001': 43831480206.4535, '2002': 47077192183.7329, '2003': 58029361338.6298, '2004': 66114147932.3903, '2005': 68852655479.5601, '2006': 75883820424.0845, '2007': 86947909744.5993, '2008': 101822906946.027, '2009': 101154952243.015, '2010': 100865325482.244, '2011': 110080631330.061, '2012': 106937397478.353, '2013': 115739288446.799, '2014': 119130845829.482, '2015': 110413820681.034, '2016': 111572946646.535, '2017': 118540574727.552, '2018': 127341141871.205, '2019': 128920265075.525, '2020': 121347533649.793, '2021': 142866583124.696, '2022': 134181587769.796}",
MOZ,Mozambique,NY.GDP.MKTP.CD,GDP (current US$),"{'1960': None, '1961': None, '1962': None, '1963': None, '1964': None, '1965': None, '1966': None, '1967': None, '1968': None, '1969': None, '1970': None, '1971': None, '1972': None, '1973': None, '1974': None, '1975': None, '1976': None, '1977': None, '1978': None, '1979': None, '1980': None, '1981': None, '1982': None, '1983': None, '1984': None, '1985': None, '1986': None, '1987': None, '1988': None, '1989': None, '1990': None, '1991': 3633488385.06275, '1992': 2640001311.31689, '1993': 2729524757.99534, '1994': 2796555381.45919, '1995': 2899912130.16659, '1996': 3856799844.1609, '1997': 4648838896.06781, '1998': 5263884908.24241, '1999': 5976402585.91345, '2000': 5656473652.41147, '2001': 5398557896.15748, '2002': 5677013628.85057, '2003': 6303399757.82376, '2004': 7631106170.94621, '2005': 8542083074.14716, '2006': 9176896597.16802, '2007': 10450826527.2066, '2008': 12556173242.7736, '2009': 11914471512.7684, '2010': 11104649065.1649, '2011': 14381552466.6044, '2012': 16350813486.9908, '2013': 16974314296.2182, '2014': 17716091057.2675, '2015': 15950979333.1582, '2016': 11936993086.9579, '2017': 13219079497.7055, '2018': 14845400592.6712, '2019': 15390031039.9957, '2020': 14156864916.4711, '2021': 15776757419.5197, '2022': 17851491427.6765}",
NAM,Namibia,NY.GDP.MKTP.CD,GDP (current US$),"{'1960': None, '1961': None, '1962': None, '1963': None, '1964': None, '1965': None, '1966': None, '1967': None, '1968': None, '1969': None, '1970': None, '1971': None, '1972': None, '1973': None, '1974': None, '1975': None, '1976': None, '1977': None, '1978': None, '1979': None, '1980': 2421991155.00236, '1981': 2249908724.55805, '1982': 2118710573.93528, '1983': 2297400688.06602, '1984': 1951259376.82085, '1985': 1608237350.81972, '1986': 1809048791.25042, '1987': 2300067840.45776, '1988': 2495095295.18236, '1989': 2535135314.27329, '1990': 2789922033.09408, '1991': 2996869281.48364, '1992': 3429521498.98741, '1993': 3251189247.70138, '1994': 3666503185.43389, '1995': 3978514206.31168, '1996': 3989163041.92553, '1997': 4154990250.56993, '1998': 3873109748.79035, '1999': 3868551624.85758, '2000': 3922231976.43938, '2001': 3557341284.0188, '2002': 3349169932.3008, '2003': 4926439274.97486, '2004': 6609206506.34686, '2005': 7248375216.59475, '2006': 8001779551.06323, '2007': 8839536893.68443, '2008': 8607431845.19631, '2009': 8938847363.87815, '2010': 11431412421.1316, '2011': 12523359440.5499, '2012': 13042053856.9696, '2013': 12043307277.1235, '2014': 12435430396.1929, '2015': 11335161230.1608, '2016': 10722018975.0783, '2017': 12895153160.466, '2018': 13682019171.6627, '2019': 12541928102.7657, '2020': 10583748757.3345, '2021': 12446290854.8973, '2022': 12607436975.946}",
NER,Niger,NY.GDP.MKTP.CD,GDP (current US$),"{'1960': 449526872.565561, '1961': 485785231.729353, '1962': 531736599.930736, '1963': 586294879.4719, '1964': 582816396.216401, '1965': 673383510.242122, '1966': 702296079.857692, '1967': 665586872.839162, '1968': 641214226.839012, '1969': 625867984.42818, '1970': 649916621.179857, '1971': 693573704.422866, '1972': 742779659.455166, '1973': 946385104.967731, '1974': 1026137112.43707, '1975': 1048690931.5406, '1976': 1064517600.10051, '1977': 1291458043.7403, '1978': 1774365587.86851, '1979': 2109277663.09748, '1980': 2508524715.79516, '1981': 2170893417.98129, '1982': 2017612217.82752, '1983': 1803099561.08393, '1984': 1461243326.83775, '1985': 1440581653.32328, '1986': 1904097000.74963, '1987': 2233006101.94475, '1988': 2280356194.14559, '1989': 2179567111.0004, '1990': 3512356508.47435, '1991': 3285796877.19799, '1992': 3386232582.4161, '1993': 3052673843.8613, '1994': 1938058176.41585, '1995': 2302537562.69931, '1996': 2405686938.76483, '1997': 2290318908.81986, '1998': 2643363520.93135, '1999': 2537789819.37694, '2000': 2241753192.71257, '2001': 2448714703.09612, '2002': 2782192880.69187, '2003': 3394084731.48601, '2004': 3760443735.45875, '2005': 4383315967.49998, '2006': 4756361253.33358, '2007': 5731485046.0864, '2008': 7297600218.92394, '2009': 7352131304.39631, '2010': 7851192498.77154, '2011': 8772950783.02414, '2012': 9426912639.20382, '2013': 10224897440.9239, '2014': 10862943546.2851, '2015': 9683867926.72766, '2016': 10398861980.6524, '2017': 11185101444.3729, '2018': 12808661487.4035, '2019': 12916454870.5458, '2020': 13744174582.2532, '2021': 14915002098.4975, '2022': 13969605582.5202}",
NGA,Nigeria,NY.GDP.MKTP.CD,GDP (current US$),"{'1960': 4196174503.20867, '1961': 4467287894.87176, '1962': 4909399178.20409, '1963': 5165590255.83013, '1964': 5552931321.04864, '1965': 5874537652.53475, '1966': 6366917455.77978, '1967': 5203237920.78613, '1968': 5200997921.68123, '1969': 6634317348.92679, '1970': 12546094986.5804, '1971': 9181769911.50443, '1972': 12274416017.7976, '1973': 15162871287.1287, '1974': 24846641318.1242, '1975': 27778934624.6973, '1976': 36308883248.731, '1977': 36035407725.3219, '1978': 36527862208.7133, '1979': 47259911894.2731, '1980': 64201788122.6054, '1981': 164475209515.939, '1982': 142769363314.176, '1983': 97094911792.0489, '1984': 73484359521.4887, '1985': 73745821158.2254, '1986': 54805852580.9129, '1987': 52676041931.1087, '1988': 49648470440.4593, '1989': 44003061108.4005, '1990': 54035795387.8086, '1991': 49118434950.4188, '1992': 47794954191.501, '1993': 27752204787.489, '1994': 33833043777.7372, '1995': 44062465417.9421, '1996': 51075815092.5, '1997': 54457835603.1357, '1998': 54604050168.1818, '1999': 59372679433.1746, '2000': 69448962760.8787, '2001': 74030562269.9655, '2002': 95054094655.3277, '2003': 104738980156.958, '2004': 135764715375.206, '2005': 175670536601.006, '2006': 238454952231.572, '2007': 278260808841.03, '2008': 339476215683.592, '2009': 295008767295.038, '2010': 366990528103.078, '2011': 414466540786.738, '2012': 463971000388.612, '2013': 520117163617.721, '2014': 574183825592.358, '2015': 493026782401.561, '2016': 404649048648.026, '2017': 375745732274.676, '2018': 421739210176.152, '2019': 474517470742.749, '2020': 432198936002.177, '2021': 440833583992.485, '2022': 477386120635.845}",
,,,,,Not found
RWA,Rwanda,NY.GDP.MKTP.CD,GDP (current US$),"{'1960': 119000024.119, '1961': 122000016.122, '1962': 125000008.125, '1963': 128000000.128, '1964': 129999994.13, '1965': 148799980.1488, '1966': 124525702.981669, '1967': 159560018.15956, '1968': 172200018.1722, '1969': 188700037.1887, '1970': 219900006.2199, '1971': 222952503.884321, '1972': 246457838.604265, '1973': 290746157.492369, '1974': 308458423.183854, '1975': 571863503.008491, '1976': 637753856.053117, '1977': 746650611.312185, '1978': 905709080.930258, '1979': 1109346136.6514, '1980': 1254765643.15406, '1981': 1407062526.28631, '1982': 1407243132.61664, '1983': 1479687583.13507, '1984': 1587413091.46475, '1985': 1715626336.53326, '1986': 1944710687.94188, '1987': 2157432667.84224, '1988': 2395492695.13767, '1989': 2405022587.80045, '1990': 2550185692.53721, '1991': 1911600232.09279, '1992': 2029026956.63554, '1993': 1971525718.16062, '1994': 753636370.454545, '1995': 1293535192.21661, '1996': 1382334879.40812, '1997': 1851558199.35773, '1998': 1989343548.29917, '1999': 2157024758.12224, '2000': 2068762706.74598, '2001': 1966548409.54858, '2002': 1965932546.35834, '2003': 2138185328.15156, '2004': 2376464519.64036, '2005': 2933765825.28037, '2006': 3319711249.44189, '2007': 4070391531.29599, '2008': 5179804290.63377, '2009': 5674428927.60356, '2010': 6124693374.47064, '2011': 6884907733.00484, '2012': 7654782978.58736, '2013': 7820052084.03387, '2014': 8239042500.28733, '2015': 8543869360.36164, '2016': 8695318854.11055, '2017': 9252833678.08916, '2018': 9636510839.30707, '2019': 10346675636.3397, '2020': 10172925171.5869, '2021': 11055281971.0454, '2022': 13312796765.2336}",
STP,Sao Tome and Principe,NY.GDP.MKTP.CD,GDP (current US$),"{'1960': None, '1961': None, '1962': None, '1963': None, '1964': None, '1965': None, '1966': None, '1967': None, '1968': None, '1969': None, '1970': None, '1971': None, '1972': None, '1973': None, '1974': None, '1975': None, '1976': None, '1977': None, '1978': None, '1979': None, '1980': None, '1981': None, '1982': None, '1983': None, '1984': None, '1985': None, '1986': None, '1987': None, '1988': None, '1989': None, '1990': None, '1991': None, '1992': None, '1993': None, '1994': None, '1995': None, '1996': None, '1997': None, '1998': None, '1999': None, '2000': None, '2001': 75951131.9461768, '2002': 85171073.8777498, '2003': 102085765.483057, '2004': 114582281.98784, '2005': 136450658.08261, '2006': 142775109.816191, '2007': 149146918.888611, '2008': 188021169.26829, '2009': 187821029.428546, '2010': 196652514.267255, '2011': 231489270.144529, '2012': 250680845.747837, '2013': 300554483.611626, '2014': 346528329.183227, '2015': 316066072.343754, '2016': 345495614.979982, '2017': 375614126.193877, '2018': 412253809.728799, '2019': 427425039.684339, '2020': 472551023.610419, '2021': 526653790.670814, '2022': 546680341.647274}",
SEN,Senegal,NY.GDP.MKTP.CD,GDP (current US$),"{'1960': 1003692368.83803, '1961': 1058975258.60599, '1962': 1085475791.97981, '1963': 1122139863.06998, '1964': 1188930644.9607, '1965': 1210058227.1455, '1966': 1246908188.20855, '1967': 1246480767.03742, '1968': 1309384863.20769, '1969': 1245234929.74988, '1970': 1297407654.80231, '1971': 1339549034.36862, '1972': 1620857100.5595, '1973': 1863398590.01061, '1974': 2099325232.11526, '1975': 2830388400.39129, '1976': 2869777881.2443, '1977': 2938046467.89305, '1978': 3280354917.45057, '1979': 4084877817.87838, '1980': 4510108281.84315, '1981': 4095892787.36096, '1982': 4013951446.34767, '1983': 3569356124.7009, '1984': 3485165433.40439, '1985': 3818944920.01861, '1986': 5392093452.44722, '1987': 6487353094.14856, '1988': 6418419392.52726, '1989': 6366039362.80037, '1990': 7390967361.65927, '1991': 7255210474.43418, '1992': 7769817847.278, '1993': 7367986228.20805, '1994': 5034588198.68019, '1995': 6326342634.65422, '1996': 6559712162.47057, '1997': 6041478722.24648, '1998': 6505607913.82443, '1999': 6592834929.38994, '2000': 6013185003.70967, '2001': 6507824826.95024, '2002': 7006402324.84511, '2003': 8768721560.57422, '2004': 10076816661.048, '2005': 11009033445.2548, '2006': 11697918245.3507, '2007': 13994218399.034, '2008': 16853989611.1933, '2009': 16145867483.2198, '2010': 16121315901.8117, '2011': 17814283649.9367, '2012': 17660870395.8103, '2013': 18918667730.5417, '2014': 19797253445.2673, '2015': 17774766696.6987, '2016': 19040312331.1615, '2017': 20996562958.501, '2018': 23116701539.5646, '2019': 23403995984.9306, '2020': 24530513058.5946, '2021': 27569136728.2565, '2022': 27684430244.4907}",
SYC,Seychelles,NY.GDP.MKTP.CD,GDP (current US$),"{'1960': 12012025.2477875, '1961': 11592024.3649978, '1962': 12642026.5719722, '1963': 13923029.264481, '1964': 15393032.3542452, '1965': 15603032.7956401, '1966': 16443034.5612196, '1967': 16632032.8138977, '1968': 16074027.3495878, '1969': 16452027.9927472, '1970': 18432031.3616773, '1971': 21965951.7533636, '1972': 30645121.0127585, '1973': 36896278.223337, '1974': 43134498.6932177, '1975': 47803145.9560303, '1976': 49278979.547035, '1977': 64526398.6582547, '1978': 85552369.9145942, '1979': 127261099.24396, '1980': 156783829.564809, '1981': 163750728.237271, '1982': 157211797.726919, '1983': 156098244.669095, '1984': 160992928.613245, '1985': 179691474.285381, '1986': 221147073.282651, '1987': 265212941.116457, '1988': 301985636.80955, '1989': 324333385.605606, '1990': 392163560.879912, '1991': 398307144.759003, '1992': 461409398.855893, '1993': 504230588.114201, '1994': 517570058.151034, '1995': 540733047.733048, '1996': 535250347.089479, '1997': 598967022.07205, '1998': 647287375.762528, '1999': 662838614.880674, '2000': 654212432.437162, '2001': 662064193.596574, '2002': 742134792.367443, '2003': 750847276.441706, '2004': 893012218.181818, '2005': 977899381.818182, '2006': 1081441348.62605, '2007': 1077308888.16317, '2008': 979597364.9333, '2009': 851064318.792141, '2010': 981918002.869768, '2011': 1059249939.59333, '2012': 1089880668.37774, '2013': 1324915221.7211, '2014': 1387576413.85839, '2015': 1391427967.33495, '2016': 1458954109.81959, '2017': 1529773286.49646, '2018': 1587813245.28225, '2019': 1645090567.04612, '2020': 1183515397.64891, '2021': 1286687873.18447, '2022': 1588406479.15511}",
SLE,Sierra Leone,NY.GDP.MKTP.CD,GDP (current US$),"{'1960': 321993630.573248, '1961': 327818552.996897, '1962': 342704719.908542, '1963': 348529805.650825, '1964': 371829821.982688, '1965': 359379856.248057, '1966': 375479849.80806, '1967': 348795351.162769, '1968': 329860091.944037, '1969': 408690163.476065, '1970': 434410373.764149, '1971': 419549425.077086, '1972': 465381264.33209, '1973': 575230445.780241, '1974': 648590794.575274, '1975': 679336126.555369, '1976': 594895244.67471, '1977': 691779749.562297, '1978': 960725310.978066, '1979': 1109372098.13879, '1980': 1100688361.26126, '1981': 1114831914.63021, '1982': 1295361467.61023, '1983': 995104199.784208, '1984': 1087471861.98928, '1985': 856863164.455394, '1986': 490177396.181524, '1987': 660115531.970675, '1988': 1055081242.2874, '1989': 932978182.014388, '1990': 649644812.644707, '1991': 780098205.215036, '1992': 679997997.597116, '1993': 768812334.801762, '1994': 911915970.683484, '1995': 870758739.40678, '1996': 941742152.709895, '1997': 850218033.622007, '1998': 672375927.347148, '1999': 669384768.87263, '2000': 635874002.198748, '2001': 1074851475.17873, '2002': 1236235826.58409, '2003': 1369685676.56203, '2004': 1430217080.66487, '2005': 1627058706.47627, '2006': 1862116164.80343, '2007': 2126679686.06845, '2008': 2451896681.91138, '2009': 2419014960.19967, '2010': 2578159479.90083, '2011': 2932274241.9741, '2012': 3789251962.27583, '2013': 4920343203.30269, '2014': 5015180836.19495, '2015': 4252029353.82191, '2016': 3862721204.61052, '2017': 3719443317.52413, '2018': 4085114542.06831, '2019': 4076578653.54714, '2020': 4062906363.55623, '2021': 4249234573.98708, '2022': 3970343852.31939}",
SOM,Somalia,NY.GDP.MKTP.CD,GDP (current US$),"{'1960': 180459936.62083, '1961': 191659914.211207, '1962': 203531927.372192, '1963': 216145935.75574, '1964': 229529912.470639, '1965': 243725897.820037, '1966': 257375896.828298, '1967': 271781886.573513, '1968': 286719885.065467, '1969': 306357284.571429, '1970': 322600009.142857, '1971': 331104677.242568, '1972': 416940943.667476, '1973': 507028428.32238, '1974': 467577432.322093, '1975': 710850226.641914, '1976': 807275808.865334, '1977': 498550873.043478, '1978': 564986059.668508, '1979': 590419855.11811, '1980': 603592656.822209, '1981': 699112266.835764, '1982': 774419569.699066, '1983': 733901365.935354, '1984': 788307213.438235, '1985': 876404617.656501, '1986': 930318705.301335, '1987': 1009792724.42175, '1988': 1038291284.49695, '1989': 1092392963.1951, '1990': 917044228.00846, '1991': None, '1992': None, '1993': None, '1994': None, '1995': None, '1996': None, '1997': None, '1998': None, '1999': None, '2000': None, '2001': None, '2002': None, '2003': None, '2004': None, '2005': None, '2006': None, '2007': None, '2008': None, '2009': None, '2010': None, '2011': None, '2012': None, '2013': 4577000011.76017, '2014': 5024999991.72061, '2015': 5335000000, '2016': 5534000000, '2017': 5609000000, '2018': 5856000006.22021, '2019': 6485000000, '2020': 6883000000, '2021': 7628000011.46357, '2022': 8126105600}",
ZAF,South Africa,NY.GDP.MKTP.CD,GDP (current US$),"{'1960': 8748596504.06083, '1961': 9225996313.29187, '1962': 9813996078.32716, '1963': 10854195662.6634, '1964': 11955995222.3843, '1965': 13068994777.6297, '1966': 14211394321.1268, '1967': 15821393677.7711, '1968': 17124793156.9326, '1969': 19256992304.9059, '1970': 21218391521.1307, '1971': 23411079377.3158, '1972': 24515911652.3115, '1973': 33262767309.8083, '1974': 41389185877.1235, '1975': 42906919870.3469, '1976': 41150449964.217, '1977': 45328399960.584, '1978': 51607399955.124, '1979': 63038687890.3532, '1980': 89411894563.7285, '1981': 93141478239.0989, '1982': 85904070614.9305, '1983': 96204110963.155, '1984': 84870134616.1773, '1985': 64459376103.5598, '1986': 73354782108.0547, '1987': 96535747613.8244, '1988': 103976854738.412, '1989': 108055603481.557, '1990': 126048148261.474, '1991': 135203698237.977, '1992': 146956142398.778, '1993': 147194766334.415, '1994': 153512697970.738, '1995': 171735933897.331, '1996': 163234919052.67, '1997': 168978069551.36, '1998': 152982979945.103, '1999': 151516952945.154, '2000': 151752749926.331, '2001': 135429908544.338, '2002': 129087560694.625, '2003': 197018960967.972, '2004': 255806928394.811, '2005': 288867202055.144, '2006': 303858667884.835, '2007': 333077117253.684, '2008': 316131245860.682, '2009': 329754054488.855, '2010': 417363825016.286, '2011': 458199486480.576, '2012': 434400545085.811, '2013': 400886013595.573, '2014': 381198869776.106, '2015': 346709790458.563, '2016': 323585509674.481, '2017': 381448814653.456, '2018': 404158882459.024, '2019': 388531226582.351, '2020': 337619569570.511, '2021': 419015636064.711, '2022': 405869718462.343}",
SSD,South Sudan,NY.GDP.MKTP.CD,GDP (current US$),"{'1960': None, '1961': None, '1962': None, '1963': None, '1964': None, '1965': None, '1966': None, '1967': None, '1968': None, '1969': None, '1970': None, '1971': None, '1972': None, '1973': None, '1974': None, '1975': None, '1976': None, '1977': None, '1978': None, '1979': None, '1980': None, '1981': None, '1982': None, '1983': None, '1984': None, '1985': None, '1986': None, '1987': None, '1988': None, '1989': None, '1990': None, '1991': None, '1992': None, '1993': None, '1994': None, '1995': None, '1996': None, '1997': None, '1998': None, '1999': None, '2000': None, '2001': None, '2002': None, '2003': None, '2004': None, '2005': None, '2006': None, '2007': None, '2008': 14586253383.0632, '2009': 12231264525.0671, '2010': 14602072410.9506, '2011': 14907308932.7534, '2012': 11931472169.4915, '2013': 18426469016.9492, '2014': 13962212847.4576, '2015': 11997800760.2242, '2016': None, '2017': None, '2018': None, '2019': None, '2020': None, '2021': None, '2022': None}",
,,,,,Not found
SDN,Sudan,NY.GDP.MKTP.CD,GDP (current US$),"{'1960': 1126364161.7644, '1961': 1222860428.55503, '1962': 1328259624.72217, '1963': 1351234926.33899, '1964': 1388282600.1961, '1965': 1446869619.31898, '1966': 1484491675.71652, '1967': 1607409539.36648, '1968': 1677771400.56798, '1969': 1847501441.26221, '1970': 2100229759.04718, '1971': 2288340041.03486, '1972': 2483055722.23738, '1973': 3077254460.30228, '1974': 3958931659.84759, '1975': 4823090191.91008, '1976': 6013210815.66115, '1977': 7499005639.37649, '1978': 8128719315.0792, '1979': 8418407786.60599, '1980': 8951800017.9036, '1981': 10753888154.2798, '1982': 8732542273.73424, '1983': 8230153846.15385, '1984': 10447615384.6154, '1985': 8075259600.3398, '1986': 10092200000, '1987': 12093333333.3333, '1988': 14372555555.5556, '1989': 21408111111.1111, '1990': 33641222222.2222, '1991': 44171194366.2039, '1992': 7031933491.84899, '1993': 8881010081.24942, '1994': 12793798418.3843, '1995': 13830369852.313, '1996': 9018303128.0189, '1997': 11681179570.9007, '1998': 11250220602.974, '1999': 10682027634.7462, '2000': 12257299147.2936, '2001': 15716361539.0643, '2002': 18137126092.2818, '2003': 21355295732.0535, '2004': 26646007250.7319, '2005': 35182707173.8157, '2006': 45263824686.0898, '2007': 59440139774.8128, '2008': 64833088568.394, '2009': 58315346841.2364, '2010': 74151157011.5251, '2011': 78402841444.9524, '2012': 63196236489.3704, '2013': 66027147864.7915, '2014': 76818773784.7605, '2015': 84984672415.9401, '2016': 102943515502.994, '2017': 129718581297.431, '2018': 32333780383.2924, '2019': 32338079165.2893, '2020': 27034593750, '2021': 34229513774.9936, '2022': 51662241775.2425}",
TZA,Tanzania,NY.GDP.MKTP.CD,GDP (current US$),"{'1960': None, '1961': None, '1962': None, '1963': None, '1964': None, '1965': None, '1966': None, '1967': None, '1968': None, '1969': None, '1970': None, '1971': None, '1972': None, '1973': None, '1974': None, '1975': None, '1976': None, '1977': None, '1978': None, '1979': None, '1980': None, '1981': None, '1982': None, '1983': None, '1984': None, '1985': None, '1986': None, '1987': None, '1988': 5100405344.39923, '1989': 4420167588.57625, '1990': 4258742898.93795, '1991': 4956587901.61865, '1992': 4601413521.13102, '1993': 4257702021.44302, '1994': 4510847189.15431, '1995': 5255221043.83861, '1996': 6496195823.96993, '1997': 7683852496.84499, '1998': 12270448546.3584, '1999': 12711213451.034, '2000': 13375976353.6994, '2001': 13581644245.7352, '2002': 14142035080.2849, '2003': 15224257698.482, '2004': 16675948414.7573, '2005': 18399046025.2688, '2006': 18649590248.2626, '2007': 21843529024.9154, '2008': 27961527622.7154, '2009': 29081826158.6787, '2010': 32014247547.5146, '2011': 34657141720.6759, '2012': 39650522645.9811, '2013': 45680532613.7591, '2014': 49964825081.1078, '2015': 47378603783.6471, '2016': 49774004999.2038, '2017': 53275968094.8533, '2018': 57003686049.4102, '2019': 61026765850.3054, '2020': 66068737757.2651, '2021': 70655628140.5826, '2022': 75709289056.4457}",
TGO,Togo,NY.GDP.MKTP.CD,GDP (current US$),"{'1960': 164603553.982281, '1961': 171762891.713318, '1962': 179700351.928846, '1963': 194673419.070159, '1964': 225722420.016929, '1965': 254526437.245173, '1966': 293712193.86878, '1967': 314870885.996789, '1968': 328800480.454203, '1969': 363827440.301149, '1970': 345134276.958922, '1971': 389382093.171242, '1972': 456159541.705593, '1973': 552374366.444597, '1974': 761591056.261654, '1975': 838891749.347669, '1976': 841682268.53457, '1977': 1056473299.68755, '1978': 1120110135.75725, '1979': 1211853289.7222, '1980': 1544290809.92666, '1981': 1307754354.70263, '1982': 1116560700.7589, '1983': 1040589483.74195, '1984': 975908209.64252, '1985': 1035987180.13488, '1986': 1441695857.94158, '1987': 1697428000.68525, '1988': 1873745515.35744, '1989': 1838552523.37741, '1990': 2212905422.64086, '1991': 2177399825.45509, '1992': 2300598696.19391, '1993': 1676225629.24127, '1994': 1335309429.65899, '1995': 1779348593.14893, '1996': 1991429217.6411, '1997': 2036956850.59888, '1998': 2157078792.4713, '1999': 2142574540.97524, '2000': 2027363116.95413, '2001': 2014516700.52675, '2002': 2319268823.40971, '2003': 2875255592.53666, '2004': 3071152629.2959, '2005': 3100356551.92876, '2006': 3195618966.30736, '2007': 3618281293.07928, '2008': 4516616223.91031, '2009': 4592147227.9068, '2010': 4660369658.37123, '2011': 5262368232.30347, '2012': 5263522037.22724, '2013': 5872790935.48729, '2014': 6217047648.63985, '2015': 5681469374.10362, '2016': 6031632014.86013, '2017': 6395472028.24361, '2018': 7029217931.75029, '2019': 6992656428.93581, '2020': 7389329392.7704, '2021': 8334047485.51396, '2022': 8126439480.61302}",
TUN,Tunisia,NY.GDP.MKTP.CD,GDP (current US$),"{'1960': None, '1961': None, '1962': None, '1963': None, '1964': None, '1965': 991047619.944281, '1966': 1040952381.8942, '1967': 1085714286.6966, '1968': 1214666667.76565, '1969': 1289904763.07182, '1970': 1439238096.54026, '1971': 1685163348.01673, '1972': 2237554586.7162, '1973': 2730814468.11913, '1974': 3545865875.51792, '1975': 4328969185.43827, '1976': 4508191952.67493, '1977': 5109324009.32401, '1978': 5968462484.68108, '1979': 7188855078.11632, '1980': 8744134354.16152, '1981': 8428442466.41993, '1982': 8133573180.63032, '1983': 8350586859.97354, '1984': 8254537657.29164, '1985': 8410227733.15327, '1986': 9017804761.57991, '1987': 9696710059.88566, '1988': 10096243800.7898, '1989': 10101853518.0853, '1990': 12290568181.8182, '1991': 13074782608.6957, '1992': 15496702219.8771, '1993': 14608340459.4475, '1994': 15633171728.3223, '1995': 18030876599.3444, '1996': 19587155099.3502, '1997': 20746204100.7016, '1998': 21802893587.126, '1999': 22943202174.9668, '2000': 21473522938.6803, '2001': 22065840117.4661, '2002': 23141611178.8428, '2003': 27453895158.9433, '2004': 31183893587.4103, '2005': 32272178403.5147, '2006': 34376664600.5898, '2007': 38915343743.2934, '2008': 44859452038.1178, '2009': 43455740497.3061, '2010': 46206091937.9628, '2011': 48123314430.4878, '2012': 47311411909.7034, '2013': 48685436425.0946, '2014': 50271812920.612, '2015': 45779494041.9295, '2016': 44360065796.6202, '2017': 42163530590.9462, '2018': 42686509835.5287, '2019': 41905637658.6053, '2020': 42538462678.1201, '2021': 46687298709.3541, '2022': 46664948951.6571}",
UGA,Uganda,NY.GDP.MKTP.CD,GDP (current US$),"{'1960': 423008385.744235, '1961': 441524109.014675, '1962': 449012578.616352, '1963': 516147798.742138, '1964': 589056603.773585, '1965': 884502309.069299, '1966': 925381491.444771, '1967': 967240654.219656, '1968': 1037379251.37757, '1969': 1168556627.69887, '1970': 1259554807.64427, '1971': 1417191654.74969, '1972': 1490970267.23326, '1973': 1701817876.60586, '1974': 2098944967.50769, '1975': 2359555555.55556, '1976': 2447300000, '1977': 2936470588.23529, '1978': 2420260869.56522, '1979': 2139025000, '1980': 1244610000, '1981': 1337300000, '1982': 2177500000, '1983': 2240333333.33333, '1984': 3615647477.06862, '1985': 3519695212.52773, '1986': 3923244170.44145, '1987': 6269522147.44353, '1988': 6508931651.66667, '1989': 5276480789.75396, '1990': 4304399314.79883, '1991': 3321729157.61296, '1992': 2857457760.91789, '1993': 3220439044.18949, '1994': 3990430446.71216, '1995': 5755818844.54988, '1996': 6044585326.938, '1997': 6269333313.17108, '1998': 6584815846.52754, '1999': 5998563257.94659, '2000': 6193246837.09687, '2001': 5840503868.57246, '2002': 6178563590.89254, '2003': 6606884273.84919, '2004': 7939487548.40605, '2005': 9239221760.48232, '2006': 9977647685.28515, '2007': 11902564496.6908, '2008': 14440404136.5669, '2009': 25127805566.4511, '2010': 26673441432.4579, '2011': 27871725245.1688, '2012': 27305915907.9939, '2013': 28915786520.3935, '2014': 32612397253.2395, '2015': 32387183733.0207, '2016': 29203988697.459, '2017': 30744473839.7439, '2018': 32927025621.3848, '2019': 35348155092.292, '2020': 37605430214.347, '2021': 40510241365.9029, '2022': 45559202048.7345}",
,,,,,Not found
ZMB,Zambia,NY.GDP.MKTP.CD,GDP (current US$),"{'1960': 713000000, '1961': 696285714.285714, '1962': 693142857.142857, '1963': 718714285.714286, '1964': 839428571.428571, '1965': 1082857142.85714, '1966': 1264285714.28571, '1967': 1368000000, '1968': 1605857142.85714, '1969': 1965714285.71429, '1970': 1825285714.28571, '1971': 1687000000, '1972': 1872416680.07912, '1973': 2434255236.99935, '1974': 2910981262.10018, '1975': 2442672140.947, '1976': 2742859262.9794, '1977': 2515296939.60686, '1978': 2811032472.93922, '1979': 3353445378.15126, '1980': 3884530853.76162, '1981': 4008126497.36464, '1982': 3871117092.86676, '1983': 3321048451.15171, '1984': 2719518932.99541, '1985': 2252454500.14896, '1986': 1664413508.09853, '1987': 2265250972.34879, '1988': 3728878148.80792, '1989': 3994673161.02649, '1990': 3285217391.30435, '1991': 3376806697.1218, '1992': 3181921787.7095, '1993': 3273507753.87841, '1994': 3656808232.64295, '1995': 3806982678.89363, '1996': 3597220962.00017, '1997': 4303290116.56546, '1998': 3537741625.24395, '1999': 3404284652.93585, '2000': 3600631918.50658, '2001': 4094441301.21423, '2002': 4193850445.42632, '2003': 4901869715.90457, '2004': 6221109716.39571, '2005': 8331870169.14977, '2006': 12756858899.2812, '2007': 14056957976.2648, '2008': 17910858637.9048, '2009': 15328342303.9575, '2010': 20265559483.8548, '2011': 23459515275.5776, '2012': 25503060420.026, '2013': 28037239462.7142, '2014': 27141023558.0829, '2015': 21251216798.7762, '2016': 20958412538.3093, '2017': 25873601260.8353, '2018': 26311506435.0598, '2019': 23308667781.2258, '2020': 18110638619.3723, '2021': 22147649568.6121, '2022': 29784454055.9391}",
ZWE,Zimbabwe,NY.GDP.MKTP.CD,GDP (current US$),"{'1960': 1052990400, '1961': 1096646600, '1962': 1117601600, '1963': 1159511700, '1964': 1217138000, '1965': 1311435800, '1966': 1281749500, '1967': 1397002000, '1968': 1479599900, '1969': 1747998800, '1970': 1884206300, '1971': 2178716300, '1972': 2677729400, '1973': 3309353600, '1974': 3982161400, '1975': 4371300700, '1976': 4318372000, '1977': 4364382100, '1978': 4351600500, '1979': 5177459400, '1980': 6678868200, '1981': 8011373800, '1982': 8539700700, '1983': 7764067000, '1984': 6352125900, '1985': 5637259300, '1986': 6217523700, '1987': 6741215100, '1988': 7814784100, '1989': 8286322700, '1990': 8783816700, '1991': 8641481700, '1992': 6751472200, '1993': 6563813300, '1994': 6890675000, '1995': 7111270700, '1996': 8553146600, '1997': 8529571600, '1998': 6401968200, '1999': 6858013100, '2000': 6689957600, '2001': 6777384700, '2002': 6342116400, '2003': 5727591800, '2004': 5805598400, '2005': 5755215200, '2006': 5443896500, '2007': 5291950100, '2008': 4415702800, '2009': 9665793300, '2010': 12041655200, '2011': 14101920300, '2012': 17114849900, '2013': 19091020000, '2014': 19495519600, '2015': 19963120600, '2016': 20548678100, '2017': 17584890936.6523, '2018': 34156069918.0609, '2019': 21832234925.5021, '2020': 21509698406.1116, '2021': 28371238665.5116, '2022': 20678055597.7345}",
